{"cameraMode":{"drawMode":0,"name":"Shaded","section":"Shading Mode"},"sceneLighting":true,"audioPlay":false,"sceneViewState":{"m_AlwaysRefresh":false,"showFog":true,"showSkybox":true,"showFlares":true,"showImageEffects":true,"showParticleSystems":true,"showVisualEffectGraphs":true,"m_FxEnabled":true},"in2DMode":false,"pivot":{"x":2.8433170318603517,"y":0.3985617756843567,"z":1.1173861026763917},"rotation":{"x":0.15465638041496278,"y":-0.6569034457206726,"z":0.14022725820541383,"w":0.7245001196861267},"size":2.0984575748443605,"orthographic":false}